Video ID,Title,Channel Title,Channel ID,Channel Thumbnail URL,Channel Thumbnail Width,Channel Thumbnail Height,View Count,Published Time Text,Publish Date,Published At,Video Length Text,Thumbnail URL,Thumbnail Width,Thumbnail Height
jOrPMg9PA0M,Pa üí§ paüò∫ #funny #cute #trending #shortsfeed #cat #cats #catlover #shortsfeed #shortsviral #ytshorts," baby's'Lavishika"" Blog-Ravi Kumar  ",UCXe7hn0YTzSh90E667BrAyw,https://yt3.ggpht.com/J-Ed50En0n1RHWnIEIOHAzvtdayXGFOC_UtEInlrDAtGT37sBsP06vlAA7FW5ILIDLO2Zd_0Yw=s68-c-k-c0x00ffffff-no-rj,68,68,6839858,3 weeks ago,2024-09-21,2024-09-21T00:00:00Z,0:05,https://i.ytimg.com/vi/jOrPMg9PA0M/hqdefault.jpg?sqp=-oaymwE1CKgBEF5IVfKriqkDKAgBFQAAiEIYAXABwAEG8AEB-AHOBYACgAqKAgwIABABGGUgWyhYMA8=&rs=AOn4CLCrfnBX-di6JzdRMNdw_QLxNDJ_mg,168,94
x35IGxHSrOg,Cat Tommy lost his love‚Ä¶üíî #cat #cats,Prince Tom,UCzybj8GhOrPvWv_ZctJAlAw,https://yt3.ggpht.com/09MPRKY9N3XwJv4-NHow82RoCcCxv2jn8zr33jTA75kb17RwIChOPRofAiwyYorLA-bzi8zi=s68-c-k-c0x00ffffff-no-rj,68,68,276252274,3 months ago,2024-07-12,2024-07-12T00:00:00Z,0:27,https://i.ytimg.com/vi/x35IGxHSrOg/hqdefault.jpg?sqp=-oaymwE1CKgBEF5IVfKriqkDKAgBFQAAiEIYAXABwAEG8AEB-AG2CIACgA-KAgwIABABGEAgZSgaMA8=&rs=AOn4CLAT37ugbAQCAgvOo_pKCKNcqgCFeQ,168,94
0KJS_2d2jOk,13‚ù§üòªüêæCute kitten #cat #lovecats #cats #catvideos #kittens #catlover #princesscat #kitten,Cat Kitten,UCXGm1fhynaYAFwaOxBSTPNg,https://yt3.ggpht.com/9tSv9hMVyKGWFpuLWi8ztCCrcZmBNtCQi16PqTpfwf7aJoaV-lwcztIu3kHzzGldgw4JGRz8=s68-c-k-c0x00ffffff-no-rj,68,68,8778714,1 month ago,2024-09-12,2024-09-12T00:00:00Z,0:08,https://i.ytimg.com/vi/0KJS_2d2jOk/hqdefault.jpg?sqp=-oaymwE1CKgBEF5IVfKriqkDKAgBFQAAiEIYAXABwAEG8AEB-AHOBYACgAqKAgwIABABGGUgZShlMA8=&rs=AOn4CLCUFq69VbrcsT0aiI76L_OVkkGlqw,168,94
WVEgIXtGZ6Q,I lost my kitten on the streetüò≠ #cat #cats,Prince Tom,UCzybj8GhOrPvWv_ZctJAlAw,https://yt3.ggpht.com/09MPRKY9N3XwJv4-NHow82RoCcCxv2jn8zr33jTA75kb17RwIChOPRofAiwyYorLA-bzi8zi=s68-c-k-c0x00ffffff-no-rj,68,68,360243914,2 months ago,2024-08-12,2024-08-12T00:00:00Z,0:32,https://i.ytimg.com/vi/WVEgIXtGZ6Q/hqdefault.jpg?sqp=-oaymwE1CKgBEF5IVfKriqkDKAgBFQAAiEIYAXABwAEG8AEB-AG2CIACgA-KAgwIABABGGUgVCheMA8=&rs=AOn4CLDs9F28Zrnyolac-3Sy3wBx2bS1fA,168,94
tHRm22e2kyc,Most hilarious CATS that will make you LAUGH! Best CAT VIDEOS 2024,Little Love ,UCuPLku1Zrk6HMr2S51yGkpQ,https://yt3.ggpht.com/VRXdaBb22aR2iO_OQHHSoNJcaRbmG14cqNHWdKBhp-tTDZSuPLjfT0wZquJ7M373j5i92oNxnw=s68-c-k-c0x00ffffff-no-rj,68,68,370764,2 weeks ago,2024-09-28,2024-09-28T00:00:00Z,10:37,https://i.ytimg.com/vi/tHRm22e2kyc/hqdefault.jpg?sqp=-oaymwEbCKgBEF5IVfKriqkDDggBFQAAiEIYAXABwAEG&rs=AOn4CLDnX2l7iDCuqyFYeEjNFCaVx03doQ,168,94
tHXwaPm9X5E,It seems Sonya's choice was obvious! üòÖ #cat #cats,Sonyakisa8 TT,UCS56r87Y7q1SrAB-42brE-w,https://yt3.ggpht.com/eJ71cjka7EZJf7lAWlPccXcfL7OjWatxC4DU43Sqjuu86Vc7a1eXQD3p1Et1B0BlJuGv8cXFQA=s68-c-k-c0x00ffffff-no-rj,68,68,104386323,2 months ago,2024-08-12,2024-08-12T00:00:00Z,0:20,https://i.ytimg.com/vi/tHXwaPm9X5E/hqdefault.jpg?sqp=-oaymwE1CKgBEF5IVfKriqkDKAgBFQAAiEIYAXABwAEG8AEB-AG2CIACgA-KAgwIABABGGUgWihTMA8=&rs=AOn4CLDUL1NonKLKk29Yf-ZKkTzet6v5Gg,168,94
Tehvl3osywQ,This cat üêà loves to come in my room unexpectedly üö™ #shorts #cats #cat,Jasi Bae,UC1cdxcm3U7SRqFTSKaQF5jA,https://yt3.ggpht.com/43JW2Pes2VjvR25cCRB5WZouiJoAfifrlWyLzi5v4M7VKbxy-ZKqmq2vmHNqy1l03LHCfaEsfw=s68-c-k-c0x00ffffff-no-rj,68,68,717125,1 month ago,2024-09-12,2024-09-12T00:00:00Z,0:08,https://i.ytimg.com/vi/Tehvl3osywQ/hqdefault.jpg?sqp=-oaymwE1CKgBEF5IVfKriqkDKAgBFQAAiEIYAXABwAEG8AEB-AHOBYACgAqKAgwIABABGGUgZShlMA8=&rs=AOn4CLAiFnprrXfVcWr-6PlW2v-6FApKgA,168,94
QlwZyDB2-6Q,#Cats,Panda Shorts,UCEYlNI8wno2Xp7YUNdMN22A,https://yt3.ggpht.com/y-4zA7av94grNMaURhc6a5HulMMHlt-3C1s-eZUAmAC_PpV2aS3z-KAgl0AUzqeBiEXqrsqj4A=s68-c-k-c0x00ffffff-no-rj,68,68,13199638,5 months ago,2024-05-12,2024-05-12T00:00:00Z,0:50,https://i.ytimg.com/vi/QlwZyDB2-6Q/hqdefault.jpg?sqp=-oaymwE1CKgBEF5IVfKriqkDKAgBFQAAiEIYAXABwAEG8AEB-AG2CIACgA-KAgwIABABGGUgWShIMA8=&rs=AOn4CLDURvpwfjPNXihhvpj_UkTGnzTmkw,168,94
QZHVhDjpEkE,ü•≤ü•≤ü•≤ #cat #cats,Sonyakisa8 TT,UCS56r87Y7q1SrAB-42brE-w,https://yt3.ggpht.com/eJ71cjka7EZJf7lAWlPccXcfL7OjWatxC4DU43Sqjuu86Vc7a1eXQD3p1Et1B0BlJuGv8cXFQA=s68-c-k-c0x00ffffff-no-rj,68,68,143077428,1 year ago,2023-10-12,2023-10-12T00:00:00Z,0:20,https://i.ytimg.com/vi/QZHVhDjpEkE/hqdefault.jpg?sqp=-oaymwE1CKgBEF5IVfKriqkDKAgBFQAAiEIYAXABwAEG8AEB-AG2CIACgA-KAgwIABABGDwgVShyMA8=&rs=AOn4CLAZ71NMVAP-1N_QchZzlphZSauDhw,168,94
qolQY2JaKwI,Nika loves to eat chicken #cat #cats,Princess Nika cat,UC0X1dp5Gkhos0QJpainsjUA,https://yt3.ggpht.com/Aa7-As9fL8gxxhpW1bfmPK2_w58MIRQ8QsnFF68rzoLXcd28LlrSuQkZspLbqt5ajmkO9zO2GQ=s68-c-k-c0x00ffffff-no-rj,68,68,231291212,2 months ago,2024-08-12,2024-08-12T00:00:00Z,0:17,https://i.ytimg.com/vi/qolQY2JaKwI/hqdefault.jpg?sqp=-oaymwE1CKgBEF5IVfKriqkDKAgBFQAAiEIYAXABwAEG8AEB-AG2CIACgA-KAgwIABABGGUgSihNMA8=&rs=AOn4CLAbGo_kAP_WKSSrUDOyyEXytORYEw,168,94
WsW_uLo8MxY,kitten chased by rainbow slime! #cat #cats #catvideos #cutecat #catlover,CUTE CAT,UC7bGhQ-gPdgZTp6EY9HJ1FQ,https://yt3.ggpht.com/Wxj-O6Szp5ZBPqd_gevmKMBJNzWdefdjAud3W4cazMQ0coCrndB_z0j9sJnzfCJMnlbz0X6N=s68-c-k-c0x00ffffff-no-rj,68,68,16189456,1 month ago,2024-09-12,2024-09-12T00:00:00Z,0:23,https://i.ytimg.com/vi/WsW_uLo8MxY/hqdefault.jpg?sqp=-oaymwE1CKgBEF5IVfKriqkDKAgBFQAAiEIYAXABwAEG8AEB-AG2CIACgA-KAgwIABABGGUgVihDMA8=&rs=AOn4CLD38EuNbGZ3C8t3ypmZ4AATUOciZA,168,94
BvQpnSHw6Zg,What other tricks can I expect from Sonya?üò≥ #cat #cats,Sonyakisa8 TT,UCS56r87Y7q1SrAB-42brE-w,https://yt3.ggpht.com/eJ71cjka7EZJf7lAWlPccXcfL7OjWatxC4DU43Sqjuu86Vc7a1eXQD3p1Et1B0BlJuGv8cXFQA=s68-c-k-c0x00ffffff-no-rj,68,68,129005197,11 months ago,2023-11-12,2023-11-12T00:00:00Z,0:16,https://i.ytimg.com/vi/BvQpnSHw6Zg/hqdefault.jpg?sqp=-oaymwE1CKgBEF5IVfKriqkDKAgBFQAAiEIYAXABwAEG8AEB-AG2CIACgA-KAgwIABABGGUgXyhZMA8=&rs=AOn4CLD4ezZo8gkmPOKpPFHa7ScMSYlahw,168,94
klhiHo5tLYs,My cat really liked the trick #cat #cats,Prince Tom,UCzybj8GhOrPvWv_ZctJAlAw,https://yt3.ggpht.com/09MPRKY9N3XwJv4-NHow82RoCcCxv2jn8zr33jTA75kb17RwIChOPRofAiwyYorLA-bzi8zi=s68-c-k-c0x00ffffff-no-rj,68,68,261941022,2 months ago,2024-08-12,2024-08-12T00:00:00Z,0:22,https://i.ytimg.com/vi/klhiHo5tLYs/hqdefault.jpg?sqp=-oaymwE1CKgBEF5IVfKriqkDKAgBFQAAiEIYAXABwAEG8AEB-AG2CIACgA-KAgwIABABGBIgcigRMA8=&rs=AOn4CLA3iIhOrh6ev0hDsPne56ElcnRqdg,168,94
u_02ZfEAJiE,Did you like the picture with my cat? #cat #cats,Prince Tom,UCzybj8GhOrPvWv_ZctJAlAw,https://yt3.ggpht.com/09MPRKY9N3XwJv4-NHow82RoCcCxv2jn8zr33jTA75kb17RwIChOPRofAiwyYorLA-bzi8zi=s68-c-k-c0x00ffffff-no-rj,68,68,212918147,2 months ago,2024-08-12,2024-08-12T00:00:00Z,0:28,https://i.ytimg.com/vi/u_02ZfEAJiE/hqdefault.jpg?sqp=-oaymwE1CKgBEF5IVfKriqkDKAgBFQAAiEIYAXABwAEG8AEB-AG2CIACgA-KAgwIABABGGUgZShlMA8=&rs=AOn4CLCWLDx1u_D2Mqa5ca2pvAS-IzQpmg,168,94
mZq49yYC0NM,"Fight with Elephant , fighting for daddy üò≠üò≠ , #cat #kitten #cute #trending #cats #cutecat #shorts 9",Catfuntv,UCrj6b6NZy_EY_hmIfI9e63Q,https://yt3.ggpht.com/VYKAH4wpixzj3nD6KiLU213zspZyApC6XiDBLc1eUt9rbF_-f0ZYvj9cChtgjZrbkbuT0rbL5A=s68-c-k-c0x00ffffff-no-rj,68,68,63726901,6 months ago,2024-04-12,2024-04-12T00:00:00Z,0:53,https://i.ytimg.com/vi/mZq49yYC0NM/hqdefault.jpg?sqp=-oaymwE1CKgBEF5IVfKriqkDKAgBFQAAiEIYAXABwAEG8AEB-AG2CIACuAiKAgwIABABGC8gXihyMA8=&rs=AOn4CLBnu6L4Tc40VaLCriwgwLYVw3MOeQ,168,94
74nTNPCJrEo,happy life of a rainbow cat familyüòªüíû #pets #cute #cat,Cat Lovers Stories ,UCf9TdR2PWNULbwi0wgIvPGw,https://yt3.ggpht.com/TXyn_OTVTE5EVevaajkqUoX7AaZxn3uTdTUFvora8UCys_g7lS9zztlGWxKZkX0IPLJG2qpfOg=s68-c-k-c0x00ffffff-no-rj,68,68,53998773,2 months ago,2024-08-12,2024-08-12T00:00:00Z,0:58,https://i.ytimg.com/vi/74nTNPCJrEo/hqdefault.jpg?sqp=-oaymwE1CKgBEF5IVfKriqkDKAgBFQAAiEIYAXABwAEG8AEB-AG2CIACgA-KAgwIABABGGUgWChQMA8=&rs=AOn4CLCjgNVupQn3hGgf9TwfheiTt0zy2A,168,94
EhkN69D697Y,Only catlovers will understandüòÇü§¶üèª‚Äç‚ôÄÔ∏è #cat #cats,Sonyakisa8 TT,UCS56r87Y7q1SrAB-42brE-w,https://yt3.ggpht.com/eJ71cjka7EZJf7lAWlPccXcfL7OjWatxC4DU43Sqjuu86Vc7a1eXQD3p1Et1B0BlJuGv8cXFQA=s68-c-k-c0x00ffffff-no-rj,68,68,164209567,1 year ago,2023-10-12,2023-10-12T00:00:00Z,0:13,https://i.ytimg.com/vi/EhkN69D697Y/hqdefault.jpg?sqp=-oaymwE1CKgBEF5IVfKriqkDKAgBFQAAiEIYAXABwAEG8AEB-AG2CIACgA-KAgwIABABGHIgUCg-MA8=&rs=AOn4CLCkLxQiUpUuooBhJDVGB3apm6eKig,168,94
rs1kUmYJIvY,üíî #cat #cats,Sonyakisa8 TT,UCS56r87Y7q1SrAB-42brE-w,https://yt3.ggpht.com/eJ71cjka7EZJf7lAWlPccXcfL7OjWatxC4DU43Sqjuu86Vc7a1eXQD3p1Et1B0BlJuGv8cXFQA=s68-c-k-c0x00ffffff-no-rj,68,68,400506549,1 year ago,2023-10-12,2023-10-12T00:00:00Z,0:16,https://i.ytimg.com/vi/rs1kUmYJIvY/hqdefault.jpg?sqp=-oaymwE1CKgBEF5IVfKriqkDKAgBFQAAiEIYAXABwAEG8AEB-AG2CIACgA-KAgwIABABGD0gUShyMA8=&rs=AOn4CLAshtz4hIJEnU2TpU4ChEbyY5PcSQ,168,94
dIKw3x7iLUo,Sonya has made a mess again!üò≥ #cat #cats,Sonyakisa8 TT,UCS56r87Y7q1SrAB-42brE-w,https://yt3.ggpht.com/eJ71cjka7EZJf7lAWlPccXcfL7OjWatxC4DU43Sqjuu86Vc7a1eXQD3p1Et1B0BlJuGv8cXFQA=s68-c-k-c0x00ffffff-no-rj,68,68,54070910,5 months ago,2024-05-12,2024-05-12T00:00:00Z,0:19,https://i.ytimg.com/vi/dIKw3x7iLUo/hqdefault.jpg?sqp=-oaymwE1CKgBEF5IVfKriqkDKAgBFQAAiEIYAXABwAEG8AEB-AG2CIACgA-KAgwIABABGHIgSCg8MA8=&rs=AOn4CLBGwH2pGuN3y21FUmLoWH7-gypT9w,168,94
-AXxWdR74k0,Pregnant ü§∞ cat üòç l #shorts #cats #kitty #catlover #catvideos #catvideo #kitten #cute #cutecat #viral,Cat üòç shorts ,UCj9Hz8i_ZYGvrLqpPVmA31Q,https://yt3.ggpht.com/ytc/AIdro_kobtIKB48kYbyoIbTaEMN7k6Obdij_-kVeSMbC28jaAlf34P-acLGJTORMNvUS62PM0Q=s68-c-k-c0x00ffffff-no-rj,68,68,26753234,3 months ago,2024-07-12,2024-07-12T00:00:00Z,0:18,https://i.ytimg.com/vi/-AXxWdR74k0/hqdefault.jpg?sqp=-oaymwE1CKgBEF5IVfKriqkDKAgBFQAAiEIYAXABwAEG8AEB-AG2CIACgA-KAgwIABABGFQgZShjMA8=&rs=AOn4CLBxH6LT6mTJzDuEhRNjZ2RUYrXGog,168,94
cE92gCGnOGE,The Most DRAMATIC CATS moments ever! üòÇ Funny Cat Videos 2024üòπ,Funny And Cute Cat's Life,UCW_X3-IRNdOl9vrZ-zGthlQ,https://yt3.ggpht.com/ytc/AIdro_nbQ2L4cH9jJODbVBL0jDT9OAINToc0nNU0F7memBw3ATQ=s68-c-k-c0x00ffffff-no-rj,68,68,214807,8 days ago,2024-10-04,2024-10-04T00:00:00Z,9:29,https://i.ytimg.com/vi/cE92gCGnOGE/hqdefault.jpg?sqp=-oaymwEbCKgBEF5IVfKriqkDDggBFQAAiEIYAXABwAEG&rs=AOn4CLAgSMAD4_DjrvKSICmIRjr9oGInJw,168,94
blEfJ-0-26s,this is a very important conversation || ekekekkekkek #cats,ekekekkekkek,UCq1dxmgSwVfHpe9c8vZDWrw,https://yt3.ggpht.com/ytc/AIdro_mUtM7Vn6Ug0V0oy8fgkptRSbSkLp-ykjWQldBL6pbGhEs=s68-c-k-c0x00ffffff-no-rj,68,68,32298347,1 year ago,2023-10-12,2023-10-12T00:00:00Z,0:28,https://i.ytimg.com/vi/blEfJ-0-26s/hqdefault.jpg?sqp=-oaymwE1CKgBEF5IVfKriqkDKAgBFQAAiEIYAXABwAEG8AEB-AG2CIACgA-KAgwIABABGGUgTShBMA8=&rs=AOn4CLC7ZAe4EycBq8QLvJIZPqyB-MldNg,168,94
2iQxQHF5fhw,And where do your pets hide their toys? üòÇ#cat #cats,Sonyakisa8 TT,UCS56r87Y7q1SrAB-42brE-w,https://yt3.ggpht.com/eJ71cjka7EZJf7lAWlPccXcfL7OjWatxC4DU43Sqjuu86Vc7a1eXQD3p1Et1B0BlJuGv8cXFQA=s68-c-k-c0x00ffffff-no-rj,68,68,82059984,7 months ago,2024-03-12,2024-03-12T00:00:00Z,0:13,https://i.ytimg.com/vi/2iQxQHF5fhw/hqdefault.jpg?sqp=-oaymwE1CKgBEF5IVfKriqkDKAgBFQAAiEIYAXABwAEG8AEB-AG2CIACgA-KAgwIABABGEkgVShlMA8=&rs=AOn4CLCGuTn7U06ZnOw58xYpzcjFFAeOoQ,168,94
71J_OdsLaO4,Smart Cat üò¢‚ù§Ô∏èüêà #cat #cats,COSEFNASTYA SHORTS,UC5MuvnWFIi1RH_ZBMsrFXuw,https://yt3.ggpht.com/kjWg7I9UceMqQcELY9RYdDD7UBnhqSFUZB9TNv_rU9hdJfvnNxYX4DKYUi0fOgmvp-zvATpRQw=s68-c-k-c0x00ffffff-no-rj,68,68,45423428,11 days ago,2024-10-01,2024-10-01T00:00:00Z,0:18,https://i.ytimg.com/vi/71J_OdsLaO4/hqdefault.jpg?sqp=-oaymwE1CKgBEF5IVfKriqkDKAgBFQAAiEIYAXABwAEG8AEB-AG2CIACgA-KAgwIABABGH8gQygwMA8=&rs=AOn4CLB-yMbDJUdArsX1uOJlcRQ2IrXKYg,168,94
SGKhJpQXhV8,A man helped a dying cat and her kittens. You won't believe what happened next!,Tiny Kittens - Rescue Center,UCuaKE9jr8GV4VjAZhaSQbzg,https://yt3.ggpht.com/vJDfaSzJCk4TeYZB5rHwqMz1RT2WqxN1Q6oZdzhuONecj_ltNlTAVgt0khcs9hpfWufb0-QRww=s68-c-k-c0x00ffffff-no-rj,68,68,7075116,7 months ago,2024-03-12,2024-03-12T00:00:00Z,13:20,https://i.ytimg.com/vi/SGKhJpQXhV8/hqdefault.jpg?sqp=-oaymwEbCKgBEF5IVfKriqkDDggBFQAAiEIYAXABwAEG&rs=AOn4CLDjxW3d8NDY987FHZ5uaIoOgjc21Q,168,94
CuD_rmFG2bY,Funniest Cats üòπ - Don't try to hold back Laughter üòÇ - The Pet Collective,The Pet Collective,UCPIvT-zcQl2H0vabdXJGcpg,https://yt3.ggpht.com/_NZMTNYqrNpAZAsNk_GzFbRIB5QXByx9Z3N1MM0ro6hUwCnkAu4HcyfhQgap_i7QdlT8j8Ck3y4=s68-c-k-c0x00ffffff-no-rj,68,68,24481720,7 years ago,2017-10-12,2017-10-12T00:00:00Z,7:41,https://i.ytimg.com/vi/CuD_rmFG2bY/hqdefault.jpg?sqp=-oaymwEbCKgBEF5IVfKriqkDDggBFQAAiEIYAXABwAEG&rs=AOn4CLBziYmVz0n6SvHrE5ws45u_emAP4g,168,94
3bhkYoMWTFE,üòπCats Doing Cat Thingsüòπ (3),catvid-19,UCkMrzpvOdM2Ndc21jgbj8NA,https://yt3.ggpht.com/Hkg6HQAs2notaW55d_quH8qLLA2vyqP6DWjukaWbi4qvVpnYI6tnJhPPWa2JV92HIOx0OiGk=s68-c-k-c0x00ffffff-no-rj,68,68,384788683,1 year ago,2023-10-12,2023-10-12T00:00:00Z,0:18,https://i.ytimg.com/vi/3bhkYoMWTFE/hqdefault.jpg?sqp=-oaymwE1CKgBEF5IVfKriqkDKAgBFQAAiEIYAXABwAEG8AEB-AG2CIACgA-KAgwIABABGGUgUig-MA8=&rs=AOn4CLDeoM4zs11Zg1Z_owqU3amARlaImA,168,94
b7EdOq3vRQI,There was no trace of Sonya's pranks üêæ #cat #cats,Sonyakisa8 TT,UCS56r87Y7q1SrAB-42brE-w,https://yt3.ggpht.com/eJ71cjka7EZJf7lAWlPccXcfL7OjWatxC4DU43Sqjuu86Vc7a1eXQD3p1Et1B0BlJuGv8cXFQA=s68-c-k-c0x00ffffff-no-rj,68,68,678887975,1 year ago,2023-10-12,2023-10-12T00:00:00Z,0:22,https://i.ytimg.com/vi/b7EdOq3vRQI/hqdefault.jpg?sqp=-oaymwE1CKgBEF5IVfKriqkDKAgBFQAAiEIYAXABwAEG8AEB-AG2CIACgA-KAgwIABABGGUgZShlMA8=&rs=AOn4CLCPV8Ytd08tyKZJdoc7KWQDxbPuug,168,94
TyMnT0w23D4,My cat mastered black magic #cat #cats,Princess Nika cat,UC0X1dp5Gkhos0QJpainsjUA,https://yt3.ggpht.com/Aa7-As9fL8gxxhpW1bfmPK2_w58MIRQ8QsnFF68rzoLXcd28LlrSuQkZspLbqt5ajmkO9zO2GQ=s68-c-k-c0x00ffffff-no-rj,68,68,106619520,3 months ago,2024-07-12,2024-07-12T00:00:00Z,0:23,https://i.ytimg.com/vi/TyMnT0w23D4/hqdefault.jpg?sqp=-oaymwE1CKgBEF5IVfKriqkDKAgBFQAAiEIYAXABwAEG8AEB-AG2CIACgA-KAgwIABABGHIgUigxMA8=&rs=AOn4CLCXyJ96FwiSRsWcOKb4lqDDPkWSJQ,168,94
5jqHZTz-2PM,Bath time üõÅ #cat #cats,Sonyakisa8 TT,UCS56r87Y7q1SrAB-42brE-w,https://yt3.ggpht.com/eJ71cjka7EZJf7lAWlPccXcfL7OjWatxC4DU43Sqjuu86Vc7a1eXQD3p1Et1B0BlJuGv8cXFQA=s68-c-k-c0x00ffffff-no-rj,68,68,122943428,1 year ago,2023-10-12,2023-10-12T00:00:00Z,0:14,https://i.ytimg.com/vi/5jqHZTz-2PM/hqdefault.jpg?sqp=-oaymwE1CKgBEF5IVfKriqkDKAgBFQAAiEIYAXABwAEG8AEB-AG2CIACgA-KAgwIABABGDMgZShjMA8=&rs=AOn4CLB9yzckbfUZTX2gxmDSeWXrA64npA,168,94
ioc5e4V3TMs,Jerrie tried Mia‚Äôs old challenge üß∏ #cats #catvideos,mmeowmmia,UCm_XB-V8B-UeB4l4XefU55A,https://yt3.ggpht.com/Gmp5426p4ja6W5jVhG7Wqq7i62OcUE0bQDlMhi2PSuwtXh9Ehw6S5IPwucMN8nG_5Z1Du9pOE8o=s68-c-k-c0x00ffffff-no-rj,68,68,141948398,6 months ago,2024-04-12,2024-04-12T00:00:00Z,0:21,https://i.ytimg.com/vi/ioc5e4V3TMs/hqdefault.jpg?sqp=-oaymwE1CKgBEF5IVfKriqkDKAgBFQAAiEIYAXABwAEG8AEB-AG2CIACgA-KAgwIABABGGUgVShCMA8=&rs=AOn4CLCDjEQ4PDVi-mzexAWyH3Zdnalzuw,168,94
7utuuiw7v0U,Synchronized Cats,Tom and Mimi,UC30JIhyJBA96T62p4poxg0Q,https://yt3.ggpht.com/xbIoh0HcSGCLn5t7HRklgztxcyD21kscNedWL2rRdA1vLrGmDxEHUKIcC12TJIevEy0QKwIRcis=s68-c-k-c0x00ffffff-no-rj,68,68,15200409,4 years ago,2020-10-12,2020-10-12T00:00:00Z,0:47,https://i.ytimg.com/vi/7utuuiw7v0U/hqdefault.jpg?sqp=-oaymwEbCKgBEF5IVfKriqkDDggBFQAAiEIYAXABwAEG&rs=AOn4CLA9h3A83d2osjJ_mQecA3H3vNUrJw,168,94
m3ebYNY9cYQ,Why didn‚Äôt Nika like my long and beautiful nails? #cat #cats,Princess Nika cat,UC0X1dp5Gkhos0QJpainsjUA,https://yt3.ggpht.com/Aa7-As9fL8gxxhpW1bfmPK2_w58MIRQ8QsnFF68rzoLXcd28LlrSuQkZspLbqt5ajmkO9zO2GQ=s68-c-k-c0x00ffffff-no-rj,68,68,323233174,3 months ago,2024-07-12,2024-07-12T00:00:00Z,0:25,https://i.ytimg.com/vi/m3ebYNY9cYQ/hqdefault.jpg?sqp=-oaymwE1CKgBEF5IVfKriqkDKAgBFQAAiEIYAXABwAEG8AEB-AG2CIACgA-KAgwIABABGGUgUChUMA8=&rs=AOn4CLDM3WAPts5zUo9DZW1V3YSnrIUpqA,168,94
afm0c53xO2o,Kitten Arrival! #CatLovers #CuteCats #CatLife #Meow #cats #CatFamily #shorts #foryou,susan chan,UCI7EM9d6P4wRWRjbFXcxUlQ,https://yt3.ggpht.com/U3GyC_vYKOZqpLS1bkjmZnTOt76sOsl6svXnIWYRrL99RoJsNz5uPOjTNgNaeQDx-0aRaHeNng=s68-c-k-c0x00ffffff-no-rj,68,68,50915167,3 months ago,2024-07-12,2024-07-12T00:00:00Z,0:28,https://i.ytimg.com/vi/afm0c53xO2o/hqdefault.jpg?sqp=-oaymwE1CKgBEF5IVfKriqkDKAgBFQAAiEIYAXABwAEG8AEB-AHOBYACgAqKAgwIABABGEcgZSggMA8=&rs=AOn4CLAtjFubq-gVOuy6hIPH1OASbsnBPg,168,94
6U7gV7KDEOI,ü•π #cat  #cats,Sonyakisa8 TT,UCS56r87Y7q1SrAB-42brE-w,https://yt3.ggpht.com/eJ71cjka7EZJf7lAWlPccXcfL7OjWatxC4DU43Sqjuu86Vc7a1eXQD3p1Et1B0BlJuGv8cXFQA=s68-c-k-c0x00ffffff-no-rj,68,68,323503809,1 year ago,2023-10-12,2023-10-12T00:00:00Z,0:13,https://i.ytimg.com/vi/6U7gV7KDEOI/hqdefault.jpg?sqp=-oaymwE1CKgBEF5IVfKriqkDKAgBFQAAiEIYAXABwAEG8AEB-AG2CIACgA-KAgwIABABGGUgVChKMA8=&rs=AOn4CLD2fXDLsXBly_sFMU4WDMBB41bX4w,168,94
6x7nT4MsKkM,Daddy Meow Meow Fight Sharks #meow #cat #funny #animals #cats #kitten #unstoppable, Super Meow AI,UCtraE-c88eaBx-zYAYAIAwQ,https://yt3.ggpht.com/8y8Mw4SZnQnY8CUeo_t2bpCvTgH8bwepg20ZKqdjOBAY2Epi_0GyuYFmoATIe76rGf0rm_0H=s68-c-k-c0x00ffffff-no-rj,68,68,8542360,7 months ago,2024-03-12,2024-03-12T00:00:00Z,0:28,https://i.ytimg.com/vi/6x7nT4MsKkM/hqdefault.jpg?sqp=-oaymwE1CKgBEF5IVfKriqkDKAgBFQAAiEIYAXABwAEG8AEB-AG2CIACuAiKAgwIABABGDkgYihyMA8=&rs=AOn4CLDMSDnJvHB0660eaH_O0fFN92I0ig,168,94
